{
    "algorithm": "qnn",
    "size": 6,
    "circuit_name": "qnn_6",
    "baseline": [
        [
            "fake_kyiv",
            4096
        ]
    ],
    "scenario1_value": 508.93323276830154,
    "scenario2_value": -190.49646553660313,
    "scenario3_value": 827.37,
    "total_cost": 190.49646553660313,
    "max_time": 827.37,
    "dispatch": {
        "local_aer": {
            "fake_kyiv": [
                {
                    "circuit": "OPENQASM 2.0;\ninclude \"qelib1.inc\";\ngate gate_ZZFeatureMap(param0,param1,param2,param3,param4,param5) q0,q1,q2,q3,q4,q5 { h q0; h q1; h q2; h q3; h q4; h q5; p(2.0) q0; p(2.0) q1; p(2.0) q2; p(2.0) q3; p(2.0) q4; p(2.0) q5; cx q0,q1; p(9.172838187819544) q1; cx q0,q1; cx q0,q2; p(9.172838187819544) q2; cx q0,q2; cx q0,q3; p(9.172838187819544) q3; cx q0,q3; cx q0,q4; p(9.172838187819544) q4; cx q0,q4; cx q0,q5; p(9.172838187819544) q5; cx q0,q5; cx q1,q2; p(9.172838187819544) q2; cx q1,q2; cx q1,q3; p(9.172838187819544) q3; cx q1,q3; cx q1,q4; p(9.172838187819544) q4; cx q1,q4; cx q1,q5; p(9.172838187819544) q5; cx q1,q5; cx q2,q3; p(9.172838187819544) q3; cx q2,q3; cx q2,q4; p(9.172838187819544) q4; cx q2,q4; cx q2,q5; p(9.172838187819544) q5; cx q2,q5; cx q3,q4; p(9.172838187819544) q4; cx q3,q4; cx q3,q5; p(9.172838187819544) q5; cx q3,q5; cx q4,q5; p(9.172838187819544) q5; cx q4,q5; h q0; h q1; h q2; h q3; h q4; h q5; p(2.0) q0; p(2.0) q1; p(2.0) q2; p(2.0) q3; p(2.0) q4; p(2.0) q5; cx q0,q1; p(9.172838187819544) q1; cx q0,q1; cx q0,q2; p(9.172838187819544) q2; cx q0,q2; cx q0,q3; p(9.172838187819544) q3; cx q0,q3; cx q0,q4; p(9.172838187819544) q4; cx q0,q4; cx q0,q5; p(9.172838187819544) q5; cx q0,q5; cx q1,q2; p(9.172838187819544) q2; cx q1,q2; cx q1,q3; p(9.172838187819544) q3; cx q1,q3; cx q1,q4; p(9.172838187819544) q4; cx q1,q4; cx q1,q5; p(9.172838187819544) q5; cx q1,q5; cx q2,q3; p(9.172838187819544) q3; cx q2,q3; cx q2,q4; p(9.172838187819544) q4; cx q2,q4; cx q2,q5; p(9.172838187819544) q5; cx q2,q5; cx q3,q4; p(9.172838187819544) q4; cx q3,q4; cx q3,q5; p(9.172838187819544) q5; cx q3,q5; cx q4,q5; p(9.172838187819544) q5; cx q4,q5; }\ngate gate_RealAmplitudes(param0,param1,param2,param3,param4,param5,param6,param7,param8,param9,param10,param11) q0,q1,q2,q3,q4,q5 { ry(6.006735895579343) q0; ry(1.304903297657757) q1; ry(5.205272730965009) q2; ry(0.9379672423735244) q3; ry(3.2220464314480877) q4; ry(0.8540080589393146) q5; cx q4,q5; cx q3,q4; cx q2,q3; cx q1,q2; cx q0,q1; ry(4.329343885871547) q0; ry(5.288856933750764) q1; ry(2.6735518805676657) q2; ry(6.012543404956273) q3; ry(5.185719590928789) q4; ry(2.125069481984559) q5; }\nqreg q[6];\ncreg meas[6];\ngate_ZZFeatureMap(1.0,1.0,1.0,1.0,1.0,1.0) q[0],q[1],q[2],q[3],q[4],q[5];\ngate_RealAmplitudes(6.006735895579343,1.304903297657757,5.205272730965009,0.9379672423735244,3.2220464314480877,0.8540080589393146,4.329343885871547,5.288856933750764,2.6735518805676657,6.012543404956273,5.185719590928789,2.125069481984559) q[0],q[1],q[2],q[3],q[4],q[5];\nbarrier q[0],q[1],q[2],q[3],q[4],q[5];\nmeasure q[0] -> meas[0];\nmeasure q[1] -> meas[1];\nmeasure q[2] -> meas[2];\nmeasure q[3] -> meas[3];\nmeasure q[4] -> meas[4];\nmeasure q[5] -> meas[5];",
                    "shots": 4096
                }
            ]
        }
    }
}